<calendrier>
    <seance>
        <type>Conge</type>
        <date>2019-05-01</date>
    </seance>
    <seance>
        <type>Formation</type>
        <date>2019-05-02</date>
        <heure_debut>9</heure_debut>
        <heure_fin>13</heure_fin>
        <libelle>Java B2A-Ynov</libelle>
    </seance>
    <seance>
        <type>Formation</type>
        <date>2019-05-02</date>
        <heure_debut>14</heure_debut>
        <heure_fin>18</heure_fin>
        <libelle>Java B2B-Ynov</libelle>
    </seance>
    <seance>
        <type>Conge</type>
        <date>2019-05-08</date>
    </seance>
    <seance>
        <type>Formation</type>
        <date>2019-05-09</date>
        <heure_debut>9</heure_debut>
        <heure_fin>13</heure_fin>
        <libelle>Android B2A-Ynov</libelle>
    </seance>
    <seance>
        <type>Formation</type>
        <date>2019-05-09</date>
        <heure_debut>14</heure_debut>
        <heure_fin>18</heure_fin>
        <libelle>Android B2B-Ynov</libelle>
    </seance>
    <seance>
        <type>Formation</type>
        <date>2019-05-10</date>
        <heure_debut>9</heure_debut>
        <heure_fin>13</heure_fin>
        <libelle>Android B2A-Ynov</libelle>
    </seance>
    <seance>
        <type>Formation</type>
        <date>2019-05-10</date>
        <heure_debut>14</heure_debut>
        <heure_fin>18</heure_fin>
        <libelle>Android B2B-Ynov</libelle>
    </seance>
    <seance>
        <type>RDV</type>
        <date>2019-05-10</date>
        <heure_debut>23.99</heure_debut>
        <libelle>Remise projets C++ M1 et M2 Aéro</libelle>
    </seance>
    <seance>
        <type>Formation</type>
        <date>2019-05-16</date>
        <heure_debut>9</heure_debut>
        <heure_fin>13</heure_fin>
        <libelle>Android B2A-Ynov</libelle>
    </seance>
    <seance>
        <type>Formation</type>
        <date>2019-05-16</date>
        <heure_debut>14</heure_debut>
        <heure_fin>18</heure_fin>
        <libelle>Android B2B-Ynov</libelle>
    </seance>
    <seance>
        <type>Formation</type>
        <date>2019-05-17</date>
        <heure_debut>9</heure_debut>
        <heure_fin>13</heure_fin>
        <libelle>Android B2A-Ynov</libelle>
    </seance>
    <seance>
        <type>Formation</type>
        <date>2019-05-17</date>
        <heure_debut>14</heure_debut>
        <heure_fin>18</heure_fin>
        <libelle>Android B2B-Ynov</libelle>
    </seance>
    <seance>
        <type>RDV</type>
        <date>2019-05-22</date>
        <heure_debut>10.5</heure_debut>
        <libelle>Réunion Céline Vincent Formations B1 et B2</libelle>
    </seance>
    <seance>
        <type>Formation</type>
        <date>2019-05-23</date>
        <heure_debut>9</heure_debut>
        <heure_fin>13</heure_fin>
        <libelle>Android B2A-Ynov</libelle>
    </seance>
    <seance>
        <type>Formation</type>
        <date>2019-05-23</date>
        <heure_debut>14</heure_debut>
        <heure_fin>18</heure_fin>
        <libelle>Android B2B-Ynov</libelle>
    </seance>
    <seance>
        <type>Formation</type>
        <date>2019-05-24</date>
        <heure_debut>9</heure_debut>
        <heure_fin>13</heure_fin>
        <libelle>Android B2A-Ynov</libelle>
    </seance>
    <seance>
        <type>Formation</type>
        <date>2019-05-24</date>
        <heure_debut>14</heure_debut>
        <heure_fin>18</heure_fin>
        <libelle>Android B2B-Ynov</libelle>
    </seance>
    <seance>
        <type>Conge</type>
        <date>2019-05-30</date>
    </seance>
    <seance>
        <type>RDV</type>
        <date>2019-06-02</date>
        <heure_debut>23.99</heure_debut>
        <libelle>Date limite rendu projet B2</libelle>
    </seance>
    <seance>
        <type>RDV</type>
        <date>2019-06-03</date>
        <heure_debut>14.5</heure_debut>
        <libelle>Réunion Pierre Aloïs Formations Aéro</libelle>
    </seance>
    <seance>
        <type>Formation</type>
        <date>2019-06-06</date>
        <heure_debut>9</heure_debut>
        <heure_fin>13</heure_fin>
        <libelle>Android B2A-Ynov</libelle>
    </seance>
    <seance>
        <type>Formation</type>
        <date>2019-06-06</date>
        <heure_debut>14</heure_debut>
        <heure_fin>18</heure_fin>
        <libelle>Android B2B-Ynov</libelle>
    </seance>
    <seance>
        <type>Formation</type>
        <date>2019-06-07</date>
        <heure_debut>9</heure_debut>
        <heure_fin>13</heure_fin>
        <libelle>Android B2A-Ynov</libelle>
    </seance>
    <seance>
        <type>Formation</type>
        <date>2019-06-07</date>
        <heure_debut>14</heure_debut>
        <heure_fin>18</heure_fin>
        <libelle>Android B2B-Ynov</libelle>
    </seance>
    <seance>
        <type>Conge</type>
        <date>2019-06-09</date>
    </seance>
    <seance>
        <type>Conge</type>
        <date>2019-06-10</date>
    </seance>
    <seance>
        <type>RDV</type>
        <date>2019-06-12</date>
        <heure_debut>12</heure_debut>
        <libelle>Livraison Scenarii Pédagogiques B1 et B2</libelle>
    </seance>
    <seance>
        <type>Formation</type>
        <date>2019-06-13</date>
        <heure_debut>9</heure_debut>
        <heure_fin>13</heure_fin>
        <libelle>Android B2A-Ynov</libelle>
    </seance>
    <seance>
        <type>Formation</type>
        <date>2019-06-13</date>
        <heure_debut>14</heure_debut>
        <heure_fin>18</heure_fin>
        <libelle>Android B2B-Ynov</libelle>
    </seance>
    <seance>
        <type>Formation</type>
        <date>2019-06-14</date>
        <heure_debut>9</heure_debut>
        <heure_fin>13</heure_fin>
        <libelle>Android B2A-Ynov</libelle>
    </seance>
    <seance>
        <type>Formation</type>
        <date>2019-06-14</date>
        <heure_debut>14</heure_debut>
        <heure_fin>18</heure_fin>
        <libelle>Android B2B-Ynov</libelle>
    </seance>
    <seance>
        <type>RDV</type>
        <date>2019-06-14</date>
        <heure_debut>12</heure_debut>
        <libelle>Examen Qt-C++ Master Aéro</libelle>
    </seance>
    <seance>
        <type>Formation</type>
        <date>2019-06-20</date>
        <heure_debut>9</heure_debut>
        <heure_fin>13</heure_fin>
        <libelle>Android B2A-Ynov</libelle>
    </seance>
    <seance>
        <type>Formation</type>
        <date>2019-06-20</date>
        <heure_debut>14</heure_debut>
        <heure_fin>18</heure_fin>
        <libelle>Android B2B-Ynov</libelle>
    </seance>
    <seance>
        <type>Formation</type>
        <date>2019-06-21</date>
        <heure_debut>9</heure_debut>
        <heure_fin>13</heure_fin>
        <libelle>Android B2A-Ynov</libelle>
    </seance>
    <seance>
        <type>Formation</type>
        <date>2019-06-21</date>
        <heure_debut>14</heure_debut>
        <heure_fin>18</heure_fin>
        <libelle>Android B2B-Ynov</libelle>
    </seance>
    <seance>
        <type>Formation</type>
        <date>2019-06-28</date>
        <heure_debut>9</heure_debut>
        <heure_fin>13</heure_fin>
        <libelle>Android B2A-Ynov</libelle>
    </seance>
    <seance>
        <type>Formation</type>
        <date>2019-06-28</date>
        <heure_debut>14</heure_debut>
        <heure_fin>18</heure_fin>
        <libelle>Android B2B-Ynov</libelle>
    </seance>
</calendrier>